Cites,Authors,Title,Year,Source,Publisher,ArticleURL,CitesURL,GSRank,QueryDate,Type,DOI,ISSN,CitationURL,Volume,Issue,StartPage,EndPage,ECC,CitesPerYear,CitesPerAuthor,AuthorCount,Age,Abstract,FullTextURL,RelatedURL
0,"Navid Eslami, Niv Dayan","Memento Filter: A Fast, Dynamic, and Robust Range Filter",2024,"Proc. ACM Manag. Data","Association for Computing Machinery","https://doi.org/10.1145/3698820","",1,"2025-01-31 09:37:07","Journal Article","10.1145/3698820","","",,6,,,0,0.00,0,2,1,"","",""
0,"Niv Dayan, Ioana Bercea, Pedro Reviriego, Rasmus Pagh","InfiniFilter: Expanding Filters to Infinity and Beyond",2023,"Proc. ACM Manag. Data","Association for Computing Machinery","https://doi.org/10.1145/3589285","",2,"2025-01-31 09:37:07","Journal Article","10.1145/3589285","","",,2,,,0,0.00,0,4,2,"","",""
0,"Yueting Li, Xueyan Wang, He Zhang, Biao Pan, Keni Qiu, Wang Kang, Jun Wang, Weisheng Zhao","Toward Energy-efficient STT-MRAM-based Near Memory Computing Architecture for Embedded Systems",2024,"ACM Trans. Embed. Comput. Syst.","Association for Computing Machinery","https://doi.org/10.1145/3650729","",3,"2025-01-31 09:37:07","Journal Article","10.1145/3650729","","",,3,,,0,0.00,0,8,1,"","",""
0,"Devarshi Ghoshal, Lavanya Ramakrishnan","Programming Abstractions for Managing Workflows on Tiered Storage Systems",2021,"ACM Trans. Storage","Association for Computing Machinery","https://doi.org/10.1145/3457119","",4,"2025-01-31 09:37:07","Journal Article","10.1145/3457119","","",,4,,,0,0.00,0,2,4,"","",""
0,"Jia Xu, Xiao Liu, Xuejun Li, Lei Zhang, Yun Yang","EXPRESS: an energy-efficient and secure framework for mobile edge computing and blockchain based smart systems",2021,"Proceedings of the 35th IEEE/ACM International Conference on Automated Software Engineering","Association for Computing Machinery","https://doi.org/10.1145/3324884.3415294","",5,"2025-01-31 09:37:07","Conference Paper","10.1145/3324884.3415294","","",,,1283,,0,0.00,0,5,4,"","",""
0,"M. Ben Olson, Brandon Kammerdiener, Michael R. Jantz, Kshitij A. Doshi, Terry Jones","Online Application Guidance for Heterogeneous Memory Systems",2022,"ACM Trans. Archit. Code Optim.","Association for Computing Machinery","https://doi.org/10.1145/3533855","",6,"2025-01-31 09:37:07","Journal Article","10.1145/3533855","","",,3,,,0,0.00,0,5,3,"","",""
0,"Yusuke Tanimura, Hidemoto Nakada, Yunzhi Dong","Towards Building Edge-side Common Data Processing Services on The Computing Continuum",2023,"Proceedings of the 24th International Middleware Conference: Demos, Posters and Doctoral Symposium","Association for Computing Machinery","https://doi.org/10.1145/3626564.3629089","",7,"2025-01-31 09:37:07","Conference Paper","10.1145/3626564.3629089","","",,,27,,0,0.00,0,3,2,"","",""
0,"Yunlong Gao, Meiran Zhang, Wenbing Zhang","Bibliometric Analysis and Knowledge Mapping of Research Hotspots in Data Middle Platform Architecture",2024,"Proceedings of the 2024 International Conference on Big Data and Digital Management","Association for Computing Machinery","https://doi.org/10.1145/3696500.3696513","",8,"2025-01-31 09:37:07","Conference Paper","10.1145/3696500.3696513","","",,,74,,0,0.00,0,3,1,"","",""
0,"Chao Huang, Ying Wang, Linghua Miao, Jinhui Guo","Adaptive Edge Computing Framework for the Massive Terminals in the Ubiquitous Power IoT",2024,"Proceedings of the 6th International Conference on Information Technologies and Electrical Engineering","Association for Computing Machinery","https://doi.org/10.1145/3640115.3640225","",9,"2025-01-31 09:37:07","Conference Paper","10.1145/3640115.3640225","","",,,674,,0,0.00,0,4,1,"","",""
0,"Qiang Zhang, Zhipeng Teng, Disheng Wu, Jiayin Wang","An Enhanced Batch Query Architecture in Real-time Recommendation",2024,"Proceedings of the 33rd ACM International Conference on Information and Knowledge Management","Association for Computing Machinery","https://doi.org/10.1145/3627673.3680034","",10,"2025-01-31 09:37:07","Conference Paper","10.1145/3627673.3680034","","",,,5078,,0,0.00,0,4,1,"","",""
0,"Hoseok Hwang, Aekyeung Moon, Seungwoo Son","Gradual Semi-Automatic Annotation and Hybrid Model for Effective Detection of Garbage Bags",2024,"Proceedings of the 2023 11th International Conference on Information Technology: IoT and Smart City","Association for Computing Machinery","https://doi.org/10.1145/3638985.3638989","",11,"2025-01-31 09:37:07","Conference Paper","10.1145/3638985.3638989","","",,,25,,0,0.00,0,3,1,"","",""
0,"Tyler Akidau, Fabian Hueske, Konstantinos Kloudas, Leon Papke, Niklas Semmler, Jan Sommerfeld","Continuous Data Ingestion and Transformation in Snowflake",2024,"Proceedings of the 18th ACM International Conference on Distributed and Event-based Systems","Association for Computing Machinery","https://doi.org/10.1145/3629104.3672430","",12,"2025-01-31 09:37:07","Conference Paper","10.1145/3629104.3672430","","",,,195,,0,0.00,0,6,1,"","",""
0,"Junwen Lu, Desheng Zheng, Hua Zhang, Xiaolong Deng","MBG-C: Optimizing Chinese Named Entity Recognition with MBG-C NER",2025,"Proceedings of the 2024 5th International Conference on Computer Science and Management Technology","Association for Computing Machinery","https://doi.org/10.1145/3708036.3708104","",13,"2025-01-31 09:37:07","Conference Paper","10.1145/3708036.3708104","","",,,389,,0,0.00,0,4,1,"","",""
0,"Aysajan Abidin, Enzo Marquet, Jerico Moeyersons, Xhulio Limani, Erik Pohle, Michiel Van Kenhove, Johann M. Marquez-Barja, Nina Slamnik-KrijeÅ¡torac, Bruno Volckaert","MOZAIK: An End-to-End Secure Data Sharing Platform",2023,"Proceedings of the Second ACM Data Economy Workshop","Association for Computing Machinery","https://doi.org/10.1145/3600046.3600052","",14,"2025-01-31 09:37:07","Conference Paper","10.1145/3600046.3600052","","",,,34,,0,0.00,0,9,2,"","",""
0,"Antony Chazapis, Jean-Thomas Acquaviva, Angelos Bilas, Georgios Gardikis, Christos Kozanitis, Stelios Louloudakis, Huy-Nam Nguyen, Christian Pinto, Arno Scharl, Dimitrios Soudris","EVOLVE: HPC and cloud enhanced testbed for extracting value from large-scale diverse data",2021,"Proceedings of the 18th ACM International Conference on Computing Frontiers","Association for Computing Machinery","https://doi.org/10.1145/3457388.3458621","",15,"2025-01-31 09:37:07","Conference Paper","10.1145/3457388.3458621","","",,,200,,0,0.00,0,10,4,"","",""
0,"Yasith Jayawardana, Vikas G. Ashok, Sampath Jayarathna","StreamingHub: interactive stream analysis workflows",2022,"Proceedings of the 22nd ACM/IEEE Joint Conference on Digital Libraries","Association for Computing Machinery","https://doi.org/10.1145/3529372.3530936","",16,"2025-01-31 09:37:07","Conference Paper","10.1145/3529372.3530936","","",,,,,0,0.00,0,3,3,"","",""
0,"Paulo SÃ©rgio Pintor, RogÃ©rio LuÃ­s De Costa, JosÃ© Manuel Moreira","Provenance in Spatial Queries",2022,"Proceedings of the 26th International Database Engineered Applications Symposium","Association for Computing Machinery","https://doi.org/10.1145/3548785.3548802","",17,"2025-01-31 09:37:07","Conference Paper","10.1145/3548785.3548802","","",,,55,,0,0.00,0,3,3,"","",""
0,"Shan Liu","The Design of Apriori-TIDS Algorithm Based on Big Data and Its Application in the Information Mining of College Counselors' Educational Decision-making",2021,"2021 4th International Conference on Information Systems and Computer Aided Education","Association for Computing Machinery","https://doi.org/10.1145/3482632.3483132","",18,"2025-01-31 09:37:07","Conference Paper","10.1145/3482632.3483132","","",,,1280,,0,0.00,0,1,4,"","",""
0,"Qiliang Li, Min Lyu, Liangliang Xu, Yinlong Xu, Wei Wang","Fast Reconstruction for Large Disk Enclosures Based on RAID2.0",2021,"Proceedings of the 50th International Conference on Parallel Processing","Association for Computing Machinery","https://doi.org/10.1145/3472456.3474450","",19,"2025-01-31 09:37:07","Conference Paper","10.1145/3472456.3474450","","",,,,,0,0.00,0,5,4,"","",""
0,"Anatoly Yakovlev, Hesam Fathi Moghadam, Ali Moharrer, Jingxiao Cai, Nikan Chavoshi, Venkatanathan Varadarajan, Sandeep R. Agrawal, Sam Idicula, Tomas Karnagel, Sanjay Jinturkar, Nipun Agarwal","Oracle AutoML: a fast and predictive AutoML pipeline",2020,"Proc. VLDB Endow.","VLDB Endowment","https://doi.org/10.14778/3415478.3415542","",20,"2025-01-31 09:37:07","Journal Article","10.14778/3415478.3415542","","",,12,3166,,0,0.00,0,11,5,"","",""
0,"Zhihan Lv, Dongliang Chen, Haibin Lv","Smart City Construction and Management by Digital Twins and BIM Big Data in COVID-19 Scenario",2022,"ACM Trans. Multimedia Comput. Commun. Appl.","Association for Computing Machinery","https://doi.org/10.1145/3529395","",21,"2025-01-31 09:37:07","Journal Article","10.1145/3529395","","",,2,,,0,0.00,0,3,3,"","",""
0,"Junjie Li, Yinzhi Wang, Xiao Liang, Hang Liu","Automatic BLAS Offloading on Unified Memory Architecture: A Study on NVIDIA Grace-Hopper",2024,"Practice and Experience in Advanced Research Computing 2024: Human Powered Computing","Association for Computing Machinery","https://doi.org/10.1145/3626203.3670561","",22,"2025-01-31 09:37:07","Conference Paper","10.1145/3626203.3670561","","",,,,,0,0.00,0,4,1,"","",""
0,"Linda Bower","Impact of the Philippine Government's Migration to the Cloud",2022,"Proceedings of the 15th International Conference on Theory and Practice of Electronic Governance","Association for Computing Machinery","https://doi.org/10.1145/3560107.3560133","",23,"2025-01-31 09:37:07","Conference Paper","10.1145/3560107.3560133","","",,,146,,0,0.00,0,1,3,"","",""
0,"Fabio Valdes","MFPMiner: Mining Meaningful Frequent Patterns from Spatio-textual Trajectories",2022,"ACM Trans. Spatial Algorithms Syst.","Association for Computing Machinery","https://doi.org/10.1145/3498728","",24,"2025-01-31 09:37:07","Journal Article","10.1145/3498728","","",,1,,,0,0.00,0,1,3,"","",""
0,"","Companion Proceedings of the 32nd ACM International Conference on the Foundations of Software Engineering",2024,"","Association for Computing Machinery","","",25,"2025-01-31 09:37:07","Proceeding","","","",,,,,0,0.00,0,0,1,"","",""
0,"Ming Tong, Peng Xiao","The Application of Digital Twin Technology Empowered by 5G Networksand Big Data in Smart Campus",2025,"Proceedings of the 2024 2nd International Conference on Electronics, Computers and Communication Technology","Association for Computing Machinery","https://doi.org/10.1145/3705754.3705769","",26,"2025-01-31 09:37:07","Conference Paper","10.1145/3705754.3705769","","",,,79,,0,0.00,0,2,1,"","",""
0,"Akram Bensalem, Laurent D'Orazio, Julien Lallet, Andrea Enrici","VG-Prefetcher Cache: Towards Edge-Based Time Series Data Management Using Visibility Graph Prefetching",2024,"Proceedings of the 36th International Conference on Scientific and Statistical Database Management","Association for Computing Machinery","https://doi.org/10.1145/3676288.3676304","",27,"2025-01-31 09:37:07","Conference Paper","10.1145/3676288.3676304","","",,,,,0,0.00,0,4,1,"","",""
0,"Cheng Xu, Chao Li, Xiaofeng Hou, Junyi Mei, Jing Wang, Pengyu Wang, Shixuan Sun, Minyi Guo, Baoping Hao","Enhancing High-Throughput GPU Random Walks Through Multi-Task Concurrency Orchestration",2025,"ACM Trans. Archit. Code Optim.","Association for Computing Machinery","https://doi.org/10.1145/3711820","",28,"2025-01-31 09:37:07","Journal Article","10.1145/3711820","","",,,,,0,0.00,0,9,1,"","",""
0,"Lina Bilal","Automating Digital Twins Development in Industry 4.0",2024,"Proceedings of the ACM/IEEE 27th International Conference on Model Driven Engineering Languages and Systems","Association for Computing Machinery","https://doi.org/10.1145/3652620.3688202","",29,"2025-01-31 09:37:07","Conference Paper","10.1145/3652620.3688202","","",,,162,,0,0.00,0,1,1,"","",""
0,"David Millard, Heather Packer, James Jordan, Sarah Hewitt, Yoan Malinov, Neil Rogers","The Ethics of Mixed Reality Games",2024,"ACM Games","Association for Computing Machinery","https://doi.org/10.1145/3675806","",30,"2025-01-31 09:37:07","Journal Article","10.1145/3675806","","",,3,,,0,0.00,0,6,1,"","",""
0,"Yue Gao, Enfang Cui, Tianzheng Li","A Review of Big Data Applications Based on RISC-V",2025,"Proceedings of the 2024 3rd International Conference on Algorithms, Data Mining, and Information Technology","Association for Computing Machinery","https://doi.org/10.1145/3701100.3701165","",31,"2025-01-31 09:37:07","Conference Paper","10.1145/3701100.3701165","","",,,316,,0,0.00,0,3,1,"","",""
0,"Naeima Hamed, Omer Rana, Pablo Orozco Ter Wengel, Benoit Goossens, Charith Perera","FooDS: Ontology-based Knowledge Graphs for Forest Observatories",2025,"ACM J. Comput. Sustain. Soc.","Association for Computing Machinery","https://doi.org/10.1145/3707637","",32,"2025-01-31 09:37:07","Journal Article","10.1145/3707637","","",,1,,,0,0.00,0,5,1,"","",""
0,"Subarna Chatterjee, Mark F. Pekala, Lev Kruglyak, Stratos Idreos","Limousine: Blending Learned and Classical Indexes to Self-Design Larger-than-Memory Cloud Storage Engines",2024,"Proc. ACM Manag. Data","Association for Computing Machinery","https://doi.org/10.1145/3639302","",33,"2025-01-31 09:37:07","Journal Article","10.1145/3639302","","",,1,,,0,0.00,0,4,1,"","",""
0,"Otmane Azeroual, Radka Nacheva, Anastasija Nikiforova, Uta StÃ¶rl, Amel Fraisse","Predictive Analytics intelligent decision-making framework and testing it through sentiment analysis on Twitter data",2023,"Proceedings of the 24th International Conference on Computer Systems and Technologies","Association for Computing Machinery","https://doi.org/10.1145/3606305.3606309","",34,"2025-01-31 09:37:07","Conference Paper","10.1145/3606305.3606309","","",,,42,,0,0.00,0,5,2,"","",""
0,"Weiping Yu, Siqiang Luo, Zihao Yu, Gao Cong","CAMAL: Optimizing LSM-trees via Active Learning",2024,"Proc. ACM Manag. Data","Association for Computing Machinery","https://doi.org/10.1145/3677138","",35,"2025-01-31 09:37:07","Journal Article","10.1145/3677138","","",,4,,,0,0.00,0,4,1,"","",""
0,"Mewiliko Jimmy Namutenya, Irja Naambo Shaanika","An Integration Model to Enhance Information Systems Administration and Data Sharing: A Case of Namibian Lower Courts",2024,"Proceedings of the 4th African Human Computer Interaction Conference","Association for Computing Machinery","https://doi.org/10.1145/3628096.3628743","",36,"2025-01-31 09:37:07","Conference Paper","10.1145/3628096.3628743","","",,,24,,0,0.00,0,2,1,"","",""
0,"Bastian Havers, Marina Papatriantafilou, Vincenzo Gulisano","Research Summary: Enhancing Localization, Selection, and Processing of Data in Vehicular Cyber-Physical Systems",2024,"Proceedings of the 2024 Workshop on Advanced Tools, Programming Languages, and PLatforms for Implementing and Evaluating algorithms for Distributed systems","Association for Computing Machinery","https://doi.org/10.1145/3663338.3663680","",37,"2025-01-31 09:37:07","Conference Paper","10.1145/3663338.3663680","","",,,1,,0,0.00,0,3,1,"","",""
0,"Cristina Cano, Hug March","Problematizing the sustainability of 5G/6G networks and devising alternative ways forward",2025,"ACM J. Responsib. Comput.","Association for Computing Machinery","https://doi.org/10.1145/3715883","",38,"2025-01-31 09:37:07","Journal Article","10.1145/3715883","","",,,,,0,0.00,0,2,1,"","",""
0,"Fatma-Zohra Hannou, Maxime LefranÃ§ois, Pierre Jouvelot, Victor Charpenay, Antoine Zimmermann","A Survey on IoT Programming Platforms: A Business-Domain Experts Perspective",2024,"ACM Comput. Surv.","Association for Computing Machinery","https://doi.org/10.1145/3699954","",39,"2025-01-31 09:37:07","Journal Article","10.1145/3699954","","",,4,,,0,0.00,0,5,1,"","",""
0,"Shilei Tian, Tom Scogland, Barbara Chapman, Johannes Doerfert","OpenMP Kernel Language Extensions for Performance Portable GPU Codes",2023,"Proceedings of the SC '23 Workshops of The International Conference on High Performance Computing, Network, Storage, and Analysis","Association for Computing Machinery","https://doi.org/10.1145/3624062.3624164","",40,"2025-01-31 09:37:07","Conference Paper","10.1145/3624062.3624164","","",,,876,,0,0.00,0,4,2,"","",""
0,"Jafar Ali Ibrahim Syed Masood, JAI KUMAR VINAYAGAM, Ranjit Kumar Onteru, UMAMAHESWARARAO KOPPARAPU, Bulah Pushpa Rani Parabathini","Harnessing Medical Big Data: Integrating Computational Insights for Enhanced Patient Outcomes",2025,"Proceedings of the 2024 7th International Conference on Digital Medicine and Image Processing","Association for Computing Machinery","https://doi.org/10.1145/3705927.3705944","",41,"2025-01-31 09:37:07","Conference Paper","10.1145/3705927.3705944","","",,,94,,0,0.00,0,5,1,"","",""
0,"Yutian Sun, Tim Meehan, Rebecca Schlussel, Wenlei Xie, Masha Basmanova, Orri Erling, Andrii Rosa, Shixuan Fan, Rongrong Zhong, Arun Thirupathi, Nikhil Collooru, Ke Wang, Sameer Agarwal, Arjun Gupta, Dionysios Logothetis, Kostas Xirogiannopoulos, Amit Dutta, Varun Gajjala, Rohit Jain, Ajay Palakuzhy, Prithvi Pandian, Sergey Pershin, Abhisek Saikia, Pranjal Shankhdhar, Neerad Somanchi, Swapnil Tailor, Jialiang Tan, Sreeni Viswanadha, Zac Wen, Biswapesh Chattopadhyay, Bin Fan, Deepak Majeti, Aditi Pandit","Presto: A Decade of SQL Analytics at Meta",2023,"Proc. ACM Manag. Data","Association for Computing Machinery","https://doi.org/10.1145/3589769","",42,"2025-01-31 09:37:07","Journal Article","10.1145/3589769","","",,2,,,0,0.00,0,33,2,"","",""
0,"Hui Wang, Xiaokang Rao, Chunhui Li","Research on Intelligent Prediction of Blasting Vibration Based on Parallel SVM in Big Data Environment",2024,"Proceedings of the 2024 9th International Conference on Intelligent Information Processing","Association for Computing Machinery","https://doi.org/10.1145/3696952.3696983","",43,"2025-01-31 09:37:07","Conference Paper","10.1145/3696952.3696983","","",,,226,,0,0.00,0,3,1,"","",""
0,"Hendrik van der Valk, Stephanie Winkelmann, Felix Ramge, Joachim Hunker, Katharina Langenbach, Markus Rabe","Characteristics of Simulation: A Meta-Review of Modern Simulation Applications",2023,"Proceedings of the Winter Simulation Conference","IEEE Press","","",44,"2025-01-31 09:37:07","Conference Paper","","","",,,2558,,0,0.00,0,6,2,"","",""
0,"Yingkai He, Zhen Zhang, Liang Liao, Jing Xiao","Latent Variables Coding for Perceptual Image Compression",2024,"Proceedings of the 6th ACM International Conference on Multimedia in Asia","Association for Computing Machinery","https://doi.org/10.1145/3696409.3700252","",45,"2025-01-31 09:37:07","Conference Paper","10.1145/3696409.3700252","","",,,,,0,0.00,0,4,1,"","",""
0,"Joze Rozanec, Brian ElvesÃ¦ter, Dumitru Roman, Marko Grobelnik, Peter Haase","Graph-Inceptor: Towards Extreme Data Ingestion, Massive Graph Creation and Storage",2023,"Companion of the 2023 ACM/SPEC International Conference on Performance Engineering","Association for Computing Machinery","https://doi.org/10.1145/3578245.3585339","",46,"2025-01-31 09:37:07","Conference Paper","10.1145/3578245.3585339","","",,,253,,0,0.00,0,5,2,"","",""
0,"Siyuan Li","Developing a Machine Learning Model Using Transformer to Assess the Novelty of Scientific Articles",2024,"Proceedings of the 2024 International Symposium on Artificial Intelligence for Education","Association for Computing Machinery","https://doi.org/10.1145/3700297.3700370","",47,"2025-01-31 09:37:07","Conference Paper","10.1145/3700297.3700370","","",,,427,,0,0.00,0,1,1,"","",""
0,"Yue Yan, Enze Wu, Xinyue Lv","Research on campus One-Card data analysis based on data warehouse",2024,"Proceedings of the 2nd International Conference on Educational Knowledge and Informatization","Association for Computing Machinery","https://doi.org/10.1145/3691720.3691755","",48,"2025-01-31 09:37:07","Conference Paper","10.1145/3691720.3691755","","",,,211,,0,0.00,0,3,1,"","",""
0,"Sara Lafia, A.J. Million, Libby Hemphill","Direct, Orienting, and Scenic Paths: How Users Navigate Search in a Research Data Archive",2023,"Proceedings of the 2023 Conference on Human Information Interaction and Retrieval","Association for Computing Machinery","https://doi.org/10.1145/3576840.3578275","",49,"2025-01-31 09:37:07","Conference Paper","10.1145/3576840.3578275","","",,,128,,0,0.00,0,3,2,"","",""
0,"Kevin Deniswara, Archie Nathanael Mulyawan, Jonathan Theodore Kesuma, Bernadeta Susilo Martanti","Reimagining a New Transformation of Digital Forensic Accounting: Strategic Analysis of the Use of Big Data Analytics in the Covid-19 Pandemic Era as an Opportunity for the Industries in Indonesia",2022,"Proceedings of the 2022 5th International Conference on Data Storage and Data Engineering","Association for Computing Machinery","https://doi.org/10.1145/3528114.3528122","",50,"2025-01-31 09:37:07","Conference Paper","10.1145/3528114.3528122","","",,,44,,0,0.00,0,4,3,"","",""
0,"","Proceedings of the 2024 2nd International Conference on Electronics, Computers and Communication Technology",2024,"","Association for Computing Machinery","","",51,"2025-01-31 09:37:07","Proceeding","","","",,,,,0,0.00,0,0,1,"","",""
0,"Weihong Yang","Design of Computer Data Analysis Management System in the Context of Big Data",2024,"Proceedings of the 2023 International Conference on Information Education and Artificial Intelligence","Association for Computing Machinery","https://doi.org/10.1145/3660043.3660091","",52,"2025-01-31 09:37:07","Conference Paper","10.1145/3660043.3660091","","",,,268,,0,0.00,0,1,1,"","",""
0,"Xinyu Zuo, Ning Hu, Peng Zhang, Zelan Yuan, Yao Zhao","Data Distribution Algorithms in Distributed File Systems",2024,"Proceedings of the 2024 International Conference on Big Data and Digital Management","Association for Computing Machinery","https://doi.org/10.1145/3696500.3696522","",53,"2025-01-31 09:37:07","Conference Paper","10.1145/3696500.3696522","","",,,130,,0,0.00,0,5,1,"","",""
0,"Ting-Yu Lin, Tseng-Yi Chen","HSMR-RAID: Enabling a Low Overhead RAID-5 System over a Host-managed Shingled Magnetic Recording Disk Array",2023,"Proceedings of the 38th ACM/SIGAPP Symposium on Applied Computing","Association for Computing Machinery","https://doi.org/10.1145/3555776.3577820","",54,"2025-01-31 09:37:07","Conference Paper","10.1145/3555776.3577820","","",,,294,,0,0.00,0,2,2,"","",""
0,"Won Seok Lee, Hee Jun Lee, Choong Kwon Lee, Kyung Nam Ko","Detection Model of Heavy Equipment Using YOLOv3 while Driving",2021,"The 9th International Conference on Smart Media and Applications","Association for Computing Machinery","https://doi.org/10.1145/3426020.3426082","",55,"2025-01-31 09:37:07","Conference Paper","10.1145/3426020.3426082","","",,,244,,0,0.00,0,4,4,"","",""
0,"Kevin Deniswara, Rano Kartono Rahim, Mohammad Hamsal, Asnan Furinto, Alexander Anthony","Analysis of the Auditor's Perspective on the Use of Big Data in Financial Statements: UTAUT Model Approach",2022,"Proceedings of the 7th International Conference on Industrial and Business Engineering","Association for Computing Machinery","https://doi.org/10.1145/3494583.3494608","",56,"2025-01-31 09:37:07","Conference Paper","10.1145/3494583.3494608","","",,,43,,0,0.00,0,5,3,"","",""
0,"Inas Sawad, Shaoqing Hu, Hamed Al-Raweshidy, Rajagopal Nilavalan","Bandwidth Consideration for Cellular System Upgrade in Developing Countries",2023,"Proceedings of the 2023 15th International Conference on Computer Modeling and Simulation","Association for Computing Machinery","https://doi.org/10.1145/3608251.3608260","",57,"2025-01-31 09:37:07","Conference Paper","10.1145/3608251.3608260","","",,,207,,0,0.00,0,4,2,"","",""
0,"Xiaojun Shang","Enabling Data-intensive Workflows in Heterogeneous Edge-cloud Networks",2023,"SIGMETRICS Perform. Eval. Rev.","Association for Computing Machinery","https://doi.org/10.1145/3579342.3579352","",58,"2025-01-31 09:37:07","Journal Article","10.1145/3579342.3579352","","",,3,36,,0,0.00,0,1,2,"","",""
0,"Jingdong Wang, Yongjia Guo","Named Entities Based on the BERT-BILSTM-ACRF Model Recognition Research",2024,"Proceedings of the 2023 7th International Conference on Natural Language Processing and Information Retrieval","Association for Computing Machinery","https://doi.org/10.1145/3639233.3639347","",59,"2025-01-31 09:37:07","Conference Paper","10.1145/3639233.3639347","","",,,228,,0,0.00,0,2,1,"","",""
0,"Ning Jia","Design and Implementation of an Earthquake Emergency Rescue System for Shaanxi Province",2024,"Proceedings of the 2023 4th International Conference on Computer Science and Management Technology","Association for Computing Machinery","https://doi.org/10.1145/3644523.3644557","",60,"2025-01-31 09:37:07","Conference Paper","10.1145/3644523.3644557","","",,,180,,0,0.00,0,1,1,"","",""
0,"Xiangyang Xu, Xinglei Xu","Research on Quantitative Trading Modelâ€”â€”Taking Bitcoin and gold as examples",2023,"Proceedings of the 2023 4th International Conference on Computing, Networks and Internet of Things","Association for Computing Machinery","https://doi.org/10.1145/3603781.3603818","",61,"2025-01-31 09:37:07","Conference Paper","10.1145/3603781.3603818","","",,,215,,0,0.00,0,2,2,"","",""
0,"Qi Guo, Yong Shao, Changshun Yan, Yuliang Shi","Collaborative filtering hybrid recommendation algorithm incorporating knowledge graph",2023,"Proceedings of the 2023 4th International Conference on Computing, Networks and Internet of Things","Association for Computing Machinery","https://doi.org/10.1145/3603781.3603868","",62,"2025-01-31 09:37:07","Conference Paper","10.1145/3603781.3603868","","",,,494,,0,0.00,0,4,2,"","",""
0,"Viktor Sanca, Anastasia Ailamaki","Sampling-Based AQP in Modern Analytical Engines",2022,"Proceedings of the 18th International Workshop on Data Management on New Hardware","Association for Computing Machinery","https://doi.org/10.1145/3533737.3535095","",63,"2025-01-31 09:37:07","Conference Paper","10.1145/3533737.3535095","","",,,,,0,0.00,0,2,3,"","",""
0,"Neven Elsayed, Kim Marriott, Ross Smith, Bruce H Thomas","Situated Analytics Process and Mantra",2024,"Extended Abstracts of the CHI Conference on Human Factors in Computing Systems","Association for Computing Machinery","https://doi.org/10.1145/3613905.3650814","",64,"2025-01-31 09:37:07","Conference Paper","10.1145/3613905.3650814","","",,,,,0,0.00,0,4,1,"","",""
0,"","Proceedings of the 2024 5th International Conference on Computer Science and Management Technology",2024,"","Association for Computing Machinery","","",65,"2025-01-31 09:37:07","Proceeding","","","",,,,,0,0.00,0,0,1,"","",""
0,"Zhijiang Zhang, Yanyong Zhang, Zhibing Wang","Bixi: A EB-level Object Storage System Based on CEPH",2023,"Proceedings of the 8th International Conference on Cyber Security and Information Engineering","Association for Computing Machinery","https://doi.org/10.1145/3617184.3618038","",66,"2025-01-31 09:37:07","Conference Paper","10.1145/3617184.3618038","","",,,91,,0,0.00,0,3,2,"","",""
0,"Fateneh Golpayegani, Nanxi Chen, Nima Afraz, Eric Gyamfi, Abdollah Malekjafarian, Dominik SchÃ¤fer, Christian Krupitzer","Adaptation in Edge Computing: A Review on Design Principles and Research Challenges",2024,"ACM Trans. Auton. Adapt. Syst.","Association for Computing Machinery","https://doi.org/10.1145/3664200","",67,"2025-01-31 09:37:07","Journal Article","10.1145/3664200","","",,3,,,0,0.00,0,7,1,"","",""
0,"Congying Wang, Nithin Sastry Tellapuri, Sphoorthi Keshannagari, Dylan Zinsley, Zhuoyue Zhao, Dong Xie","Approximate Queries over Concurrent Updates",2023,"Proc. VLDB Endow.","VLDB Endowment","https://doi.org/10.14778/3611540.3611602","",68,"2025-01-31 09:37:07","Journal Article","10.14778/3611540.3611602","","",,12,3986,,0,0.00,0,6,2,"","",""
0,"Fenil Kaneria, Shafaq Khan, Nishara Nizamuddin","Swift Search An open-source search engine",2023,"Proceedings of the 7th International Conference on Information Systems Engineering","Association for Computing Machinery","https://doi.org/10.1145/3573926.3573928","",69,"2025-01-31 09:37:07","Conference Paper","10.1145/3573926.3573928","","",,,6,,0,0.00,0,3,2,"","",""
0,"Surabhi Gupta, Karthik Ramachandra","Procedural extensions of SQL: understanding their usage in the wild",2021,"Proc. VLDB Endow.","VLDB Endowment","https://doi.org/10.14778/3457390.3457402","",70,"2025-01-31 09:37:07","Journal Article","10.14778/3457390.3457402","","",,8,1378,,0,0.00,0,2,4,"","",""
0,"Dao Thanh Chung, Nguyen Sy Duc, Nguyen Van Nga","Video Sage: Video Recommendation Using Graph Convolution Neural Network",2023,"Proceedings of the 12th International Symposium on Information and Communication Technology","Association for Computing Machinery","https://doi.org/10.1145/3628797.3628978","",71,"2025-01-31 09:37:07","Conference Paper","10.1145/3628797.3628978","","",,,149,,0,0.00,0,3,2,"","",""
0,"Anna Lito Michala, Ioannis Vourganas, Andrea Coraddu","Vibration Edge Computing in Maritime IoT",2021,"ACM Trans. Internet Things","Association for Computing Machinery","https://doi.org/10.1145/3484717","",72,"2025-01-31 09:37:07","Journal Article","10.1145/3484717","","",,1,,,0,0.00,0,3,4,"","",""
0,"Fazlina Binti Mohd Ali, Rohaya Latip, Hamidah Ibrahim, Azizol Abdullah","Optimization on Replication Performance via Balance Quorum (BQ) and Data Center Selection Method (DCSM) Algorithms in Cloud Environment",2021,"Proceedings of the 4th International Conference on Electronics, Communications and Control Engineering","Association for Computing Machinery","https://doi.org/10.1145/3462676.3462677","",73,"2025-01-31 09:37:07","Conference Paper","10.1145/3462676.3462677","","",,,1,,0,0.00,0,4,4,"","",""
0,"Khalid Usman, Fangping Wan, Dan Zhao, Jian Peng, Jianyang Zeng","Analyzing Large-Scale Single-Cell RNA-Seq Data Using Coreset",2024,"IEEE/ACM Trans. Comput. Biol. Bioinformatics","IEEE Computer Society Press","https://doi.org/10.1109/TCBB.2024.3418078","",74,"2025-01-31 09:37:07","Journal Article","10.1109/TCBB.2024.3418078","","",,6,1784,,0,0.00,0,5,1,"","",""
0,"MagdalÃ©na KejstovÃ¡, Christina Stoiber, Magdalena Boucher, Martin Kandlhofer, Simone Kriglstein, Wolfgang Aigner","Construct and Play: Engaging Students with Visualizations through Playful Methods",2023,"Companion Proceedings of the Annual Symposium on Computer-Human Interaction in Play","Association for Computing Machinery","https://doi.org/10.1145/3573382.3616082","",75,"2025-01-31 09:37:07","Conference Paper","10.1145/3573382.3616082","","",,,96,,0,0.00,0,6,2,"","",""
0,"Ahtesham Ali Mohammed, Ahcene Bounceur, Mohammad Hammoudeh","Quantum Assisted Architectures for Wireless Systems, the Case of Quantum 6G",2024,"Proceedings of the 7th International Conference on Future Networks and Distributed Systems","Association for Computing Machinery","https://doi.org/10.1145/3644713.3644806","",76,"2025-01-31 09:37:07","Conference Paper","10.1145/3644713.3644806","","",,,618,,0,0.00,0,3,1,"","",""
0,"Cong Lu, Danxing Wang, Daquan Zhang, Aiqun Yu","Speech image data mining algorithm based on multimodal decision fusion",2023,"Proceedings of the 2023 2nd Asia Conference on Algorithms, Computing and Machine Learning","Association for Computing Machinery","https://doi.org/10.1145/3590003.3590007","",77,"2025-01-31 09:37:07","Conference Paper","10.1145/3590003.3590007","","",,,19,,0,0.00,0,4,2,"","",""
0,"Minseon Ahn, Andrew Chang, Donghun Lee, Jongmin Gim, Jungmin Kim, Jaemin Jung, Oliver Rebholz, Vincent Pham, Krishna Malladi, Yang Seok Ki","Enabling CXL Memory Expansion for In-Memory Database Management Systems",2022,"Proceedings of the 18th International Workshop on Data Management on New Hardware","Association for Computing Machinery","https://doi.org/10.1145/3533737.3535090","",78,"2025-01-31 09:37:07","Conference Paper","10.1145/3533737.3535090","","",,,,,0,0.00,0,10,3,"","",""
0,"Demi Guo","Learning Algorithms for Automatic Data Structure Design",2021,"Proceedings of the 2021 International Conference on Management of Data","Association for Computing Machinery","https://doi.org/10.1145/3448016.3450570","",79,"2025-01-31 09:37:07","Book Section","10.1145/3448016.3450570","","",,,2923,,0,0.00,0,1,4,"","",""
0,"","Proceedings of the 2024 International Conference on Big Data and Digital Management",2024,"","Association for Computing Machinery","","",80,"2025-01-31 09:37:07","Proceeding","","","",,,,,0,0.00,0,0,1,"","",""
0,"Qiuming Luo, Senhong Liu, Weikai He, Zheng Du","Design and Implementation of Data Flow Programming Language DFC2",2023,"Proceedings of the 52nd International Conference on Parallel Processing Workshops","Association for Computing Machinery","https://doi.org/10.1145/3605731.3605888","",81,"2025-01-31 09:37:07","Conference Paper","10.1145/3605731.3605888","","",,,153,,0,0.00,0,4,2,"","",""
0,"Jiaxin Zhang","Artificial Intelligence and Machine Learning Algorithm Optimization Applied in Health Big Data Digitization",2022,"2021 3rd International Conference on Artificial Intelligence and Advanced Manufacture","Association for Computing Machinery","https://doi.org/10.1145/3495018.3501124","",82,"2025-01-31 09:37:07","Conference Paper","10.1145/3495018.3501124","","",,,2477,,0,0.00,0,1,3,"","",""
0,"Xu Ying Zheng, Fang Miao, Nopasit Chakpitak, Jia Qi Yuan, Ze Duan, Hua Song Xia, Chu Yi Huang, Jun Xiao Gui","Construction and implementation of trading framework for laboratory data based on DOSA",2022,"Proceedings of the 5th International Conference on Information Management and Management Science","Association for Computing Machinery","https://doi.org/10.1145/3564858.3564861","",83,"2025-01-31 09:37:07","Conference Paper","10.1145/3564858.3564861","","",,,15,,0,0.00,0,8,3,"","",""
0,"Sheping Zhai, Tong Tong, Xifang Bai","Blockchain Fragment Expansion Scheme Based on Community Detection and MSR Code",2023,"Proceedings of the 2022 5th International Conference on Artificial Intelligence and Pattern Recognition","Association for Computing Machinery","https://doi.org/10.1145/3573942.3574005","",84,"2025-01-31 09:37:07","Conference Paper","10.1145/3573942.3574005","","",,,1146,,0,0.00,0,3,2,"","",""
0,"Ali Gunawan, Given Name Richard, Gabriele Aurellia Susanto, Aldo Saputra, Arthea Callista Rizal","Understanding the Use of Blockchain in Medical Data Security: A Systematic Literature Review",2023,"Proceedings of the 2022 5th International Conference on Blockchain Technology and Applications","Association for Computing Machinery","https://doi.org/10.1145/3581971.3581995","",85,"2025-01-31 09:37:07","Conference Paper","10.1145/3581971.3581995","","",,,170,,0,0.00,0,5,2,"","",""
0,"Lihua Wang","Research on the design of large data storage structure of database based on Data Mining",2022,"2021 3rd International Conference on Artificial Intelligence and Advanced Manufacture","Association for Computing Machinery","https://doi.org/10.1145/3495018.3501223","",86,"2025-01-31 09:37:07","Conference Paper","10.1145/3495018.3501223","","",,,3001,,0,0.00,0,1,3,"","",""
0,"JoÃ£o Eduardo Costa Gomes, Ricardo Rodrigues Ehlert, Rodrigo Murillo Boesche, Vinicius Santosde Lima, Jorgito Matiuzzi Stocchero, Dante A. C. Barone, JulianoAraujo Wickboldt, Edison Pignaton de Freitas, Julio C. S. dos Anjos, Ricardo Queiroz de Araujo Fernandes","Surveying Emerging Network Approaches for Military Command and Control Systems",2024,"ACM Comput. Surv.","Association for Computing Machinery","https://doi.org/10.1145/3626090","",87,"2025-01-31 09:37:07","Journal Article","10.1145/3626090","","",,6,,,0,0.00,0,10,1,"","",""
0,"","Practice and Experience in Advanced Research Computing 2024: Human Powered Computing",2024,"","Association for Computing Machinery","","",88,"2025-01-31 09:37:07","Proceeding","","","",,,,,0,0.00,0,0,1,"","",""
0,"Jia Hao","Design of Intelligent Educational Administration System Based on Big Data Technology",2022,"2021 3rd International Conference on Artificial Intelligence and Advanced Manufacture","Association for Computing Machinery","https://doi.org/10.1145/3495018.3495406","",89,"2025-01-31 09:37:07","Conference Paper","10.1145/3495018.3495406","","",,,1390,,0,0.00,0,1,3,"","",""
0,"Li Sun, Tao Wen","The Construction and Research of Enterprise Accounting Data Analysis Platform under Big Data",2021,"2021 4th International Conference on Information Systems and Computer Aided Education","Association for Computing Machinery","https://doi.org/10.1145/3482632.3484037","",90,"2025-01-31 09:37:07","Conference Paper","10.1145/3482632.3484037","","",,,1777,,0,0.00,0,2,4,"","",""
0,"Ying Li, Jinliang Wang, Kunxiu Lu","Study on Application of Big Data Technology to Operation of Fresh E-commerce",2022,"Proceedings of the 2022 3rd International Conference on Internet and E-Business","Association for Computing Machinery","https://doi.org/10.1145/3545897.3545903","",91,"2025-01-31 09:37:07","Conference Paper","10.1145/3545897.3545903","","",,,38,,0,0.00,0,3,3,"","",""
0,"Mahesh Lakshminarasimhan, Mary Hall, Samuel Williams, Oscar Antepara","BrickDL: Graph-Level Optimizations for DNNs with Fine-Grained Data Blocking on GPUs",2024,"Proceedings of the 53rd International Conference on Parallel Processing","Association for Computing Machinery","https://doi.org/10.1145/3673038.3673046","",92,"2025-01-31 09:37:07","Conference Paper","10.1145/3673038.3673046","","",,,576,,0,0.00,0,4,1,"","",""
0,"Sheena K. S., Madhu S. Nair","GenCoder: A Novel Convolutional Neural Network Based Autoencoder for Genomic Sequence Data Compression",2024,"IEEE/ACM Trans. Comput. Biol. Bioinformatics","IEEE Computer Society Press","https://doi.org/10.1109/TCBB.2024.3366240","",93,"2025-01-31 09:37:07","Journal Article","10.1109/TCBB.2024.3366240","","",,3,405,,0,0.00,0,2,1,"","",""
0,"Albert Cho, Anish Saxena, Moinuddin Qureshi, Alexandros Daglis","COAXIAL: A CXL-Centric Memory System for Scalable Servers",2024,"Proceedings of the International Conference for High Performance Computing, Networking, Storage, and Analysis","IEEE Press","https://doi.org/10.1109/SC41406.2024.00101","",94,"2025-01-31 09:37:07","Conference Paper","10.1109/SC41406.2024.00101","","",,,,,0,0.00,0,4,1,"","",""
0,"Zitai Qiu, Congbo Ma, Jia Wu, Jian Yang","An Efficient Automatic Meta-Path Selection for Social Event Detection via Hyperbolic Space",2024,"Proceedings of the ACM Web Conference 2024","Association for Computing Machinery","https://doi.org/10.1145/3589334.3645526","",95,"2025-01-31 09:37:07","Conference Paper","10.1145/3589334.3645526","","",,,2519,,0,0.00,0,4,1,"","",""
0,"Xubin Chen, Ning Zheng, Shukun Xu, Yifan Qiao, Yang Liu, Jiangpeng Li, Tong Zhang","KallaxDB: A Table-less Hash-based Key-Value Store on Storage Hardware with Built-in Transparent Compression",2021,"Proceedings of the 17th International Workshop on Data Management on New Hardware","Association for Computing Machinery","https://doi.org/10.1145/3465998.3466004","",96,"2025-01-31 09:37:07","Conference Paper","10.1145/3465998.3466004","","",,,,,0,0.00,0,7,4,"","",""
0,"Wei Guan, Zhen Zhang, Li Ma","Multimodal Dialogue Generation Based on Transformer and Collaborative Attention",2023,"Proceedings of the 2022 5th International Conference on Artificial Intelligence and Pattern Recognition","Association for Computing Machinery","https://doi.org/10.1145/3573942.3574091","",97,"2025-01-31 09:37:07","Conference Paper","10.1145/3573942.3574091","","",,,753,,0,0.00,0,3,2,"","",""
0,"","Proceedings of the 5th International Conference on Computer Information and Big Data Applications",2024,"","Association for Computing Machinery","","",98,"2025-01-31 09:37:07","Proceeding","","","",,,,,0,0.00,0,0,1,"","",""
0,"Yuanxing Zhao, Junhong Gao","Research on Accounting Process Reengineering Based on cloud computing in the era of big data",2021,"2021 4th International Conference on Information Systems and Computer Aided Education","Association for Computing Machinery","https://doi.org/10.1145/3482632.3482743","",99,"2025-01-31 09:37:07","Conference Paper","10.1145/3482632.3482743","","",,,521,,0,0.00,0,2,4,"","",""
0,"Ruihao Gao, Xueqi Li, Yewen Li, Xun Wang, Guangming Tan","MetaZip: a high-throughput and efficient accelerator for DEFLATE",2022,"Proceedings of the 59th ACM/IEEE Design Automation Conference","Association for Computing Machinery","https://doi.org/10.1145/3489517.3530450","",100,"2025-01-31 09:37:07","Conference Paper","10.1145/3489517.3530450","","",,,319,,0,0.00,0,5,3,"","",""
0,"Chanhyup Kim, Jae-Hoon An, Younghwan Kim","Design and Implementation an OpenMCP distributed collaborative container platform for flexible scaling and service delivery",2020,"Proceedings of the International Conference on Research in Adaptive and Convergent Systems","Association for Computing Machinery","https://doi.org/10.1145/3400286.3418278","",101,"2025-01-31 09:37:07","Conference Paper","10.1145/3400286.3418278","","",,,275,,0,0.00,0,3,5,"","",""
0,"Argyro Mavrogiorgou, Vasileios Koukos, Eleftheria Kouremenou, Athanasios Kiourtis, Alexandros Raikos, George Manias, Dimosthenis Kyriazis","A Cross-domain Data Marketplace for Data Sharing",2023,"Proceedings of the 2022 European Symposium on Software Engineering","Association for Computing Machinery","https://doi.org/10.1145/3571697.3571707","",102,"2025-01-31 09:37:07","Conference Paper","10.1145/3571697.3571707","","",,,72,,0,0.00,0,7,2,"","",""
0,"Bing Tong, Yan Zhou, Chen Zhang, Jianheng Tang, Jing Tang, Leihong Yang, Qiye Li, Manwu Lin, Zhongxin Bao, Jia Li, Lei Chen","Galaxybase: A High Performance Native Distributed Graph Database for HTAP",2024,"Proc. VLDB Endow.","VLDB Endowment","https://doi.org/10.14778/3685800.3685814","",103,"2025-01-31 09:37:07","Journal Article","10.14778/3685800.3685814","","",,12,3893,,0,0.00,0,11,1,"","",""
0,"Patrick Raaf, AndrÃ© Brinkmann, Eric Borba, Hossein Asadi, Sai Narasimhamurthy, John Bent, Mohamad El-Batal, Reza Salkhordeh","From SSDs Back to HDDs: Optimizing VDO to Support Inline Deduplication and Compression for HDDs as Primary Storage Media",2024,"ACM Trans. Storage","Association for Computing Machinery","https://doi.org/10.1145/3678250","",104,"2025-01-31 09:37:07","Journal Article","10.1145/3678250","","",,4,,,0,0.00,0,8,1,"","",""
0,"Ivan Luksha, Truong Duy Dinh, Evgenii Karelin, Ruslan Glushakov, Ruslan Kirichek","Method for filtering encrypted traffic using a neural network between an Industrial Internet of things system and Digital Twin",2022,"Proceedings of the 5th International Conference on Future Networks and Distributed Systems","Association for Computing Machinery","https://doi.org/10.1145/3508072.3508193","",105,"2025-01-31 09:37:07","Conference Paper","10.1145/3508072.3508193","","",,,595,,0,0.00,0,5,3,"","",""
0,"","Proceedings of the SC '23 Workshops of The International Conference on High Performance Computing, Network, Storage, and Analysis",2023,"","Association for Computing Machinery","","",106,"2025-01-31 09:37:07","Proceeding","","","",,,,,0,0.00,0,0,2,"","",""
0,"Zhihan Lv, Dongliang Chen, Hailin Feng, Amit Kumar Singh, Wei Wei, Haibin Lv","Computational Intelligence in Security of Digital Twins Big Graphic Data in Cyber-physical Systems of Smart Cities",2022,"ACM Trans. Manage. Inf. Syst.","Association for Computing Machinery","https://doi.org/10.1145/3522760","",107,"2025-01-31 09:37:07","Journal Article","10.1145/3522760","","",,4,,,0,0.00,0,6,3,"","",""
0,"Ira Sulistyowati, Dyna Fransisca, Yova Ruldeviyani","Data Analytics Readiness Model in Indonesian Government",2021,"Proceedings of the 6th International Conference on Sustainable Information Engineering and Technology","Association for Computing Machinery","https://doi.org/10.1145/3479645.3479669","",108,"2025-01-31 09:37:07","Conference Paper","10.1145/3479645.3479669","","",,,100,,0,0.00,0,3,4,"","",""
0,"Yankai Chen, Yixiang Fang, Yifei Zhang, Irwin King","Bipartite Graph Convolutional Hashing for Effective and Efficient Top-N Search in Hamming Space",2023,"Proceedings of the ACM Web Conference 2023","Association for Computing Machinery","https://doi.org/10.1145/3543507.3583219","",109,"2025-01-31 09:37:07","Conference Paper","10.1145/3543507.3583219","","",,,3164,,0,0.00,0,4,2,"","",""
0,"Haochen Hua, Yutong Li, Tonghe Wang, Nanqing Dong, Wei Li, Junwei Cao","Edge Computing with Artificial Intelligence: A Machine Learning Perspective",2023,"ACM Comput. Surv.","Association for Computing Machinery","https://doi.org/10.1145/3555802","",110,"2025-01-31 09:37:07","Journal Article","10.1145/3555802","","",,9,,,0,0.00,0,6,2,"","",""
0,"Kevin Deniswara, Harjanto Prabowo, Archie Nathanael Mulyawan","Digital Business Transformation: Exploration of the Use of Erp Based Private Cloud to Improve Managing System in the Company (Case Study on One of Public Company in Indonesia)",2022,"Proceedings of the 7th International Conference on Industrial and Business Engineering","Association for Computing Machinery","https://doi.org/10.1145/3494583.3494599","",111,"2025-01-31 09:37:07","Conference Paper","10.1145/3494583.3494599","","",,,104,,0,0.00,0,3,3,"","",""
0,"Peter F Moon, Rotem Israel-Fishelson, Rachel Tabak, David Weintrop","The Tools Being Used to Introduce Youth to Data Science",2023,"Proceedings of the 22nd Annual ACM Interaction Design and Children Conference","Association for Computing Machinery","https://doi.org/10.1145/3585088.3589363","",112,"2025-01-31 09:37:07","Conference Paper","10.1145/3585088.3589363","","",,,150,,0,0.00,0,4,2,"","",""
0,"Yuxing Chen, Anqun Pan, Hailin Lei, Anda Ye, Shuo Han, Yan Tang, Wei Lu, Yunpeng Chai, Feng Zhang, Xiaoyong Du","TDSQL: Tencent Distributed Database System",2024,"Proc. VLDB Endow.","VLDB Endowment","https://doi.org/10.14778/3685800.3685812","",113,"2025-01-31 09:37:07","Journal Article","10.14778/3685800.3685812","","",,12,3869,,0,0.00,0,10,1,"","",""
0,"Chunyong Yin, Shuangshuang Chen, Zhichao Yin","Clustering-based Active Learning Classification towards Data Stream",2023,"ACM Trans. Intell. Syst. Technol.","Association for Computing Machinery","https://doi.org/10.1145/3579830","",114,"2025-01-31 09:37:07","Journal Article","10.1145/3579830","","",,2,,,0,0.00,0,3,2,"","",""
0,"Giorgos Stylianakis, Giorgos Saloustros, Orestis Chiotakis, Giorgos Xanthakis, Angelos Bilas","Index Shipping for Efficient Replication in LSM Key-Value Stores with Hybrid KV Placement",2024,"ACM Trans. Storage","Association for Computing Machinery","https://doi.org/10.1145/3658672","",115,"2025-01-31 09:37:07","Journal Article","10.1145/3658672","","",,3,,,0,0.00,0,5,1,"","",""
0,"Heru Nugroho, Soni Fajar Surya Gumilang","Recommendations for Improving Data Management Process in Government of Bandung Regency using COBIT 4.1 Framework",2020,"Proceedings of the 2020 9th International Conference on Software and Computer Applications","Association for Computing Machinery","https://doi.org/10.1145/3384544.3384588","",116,"2025-01-31 09:37:07","Conference Paper","10.1145/3384544.3384588","","",,,57,,0,0.00,0,2,5,"","",""
0,"Namgyu Jung, Junho Yoon, Kazadi Vially Mutombo, Seungyeon Lee, Jusuk Lee, Chang Choi","Efficient data processing method for edge intelligence based on SVM",2021,"Proceedings of the 2020 ACM International Conference on Intelligent Computing and its Emerging Applications","Association for Computing Machinery","https://doi.org/10.1145/3440943.3444728","",117,"2025-01-31 09:37:07","Conference Paper","10.1145/3440943.3444728","","",,,,,0,0.00,0,6,4,"","",""
0,"Ain Farhana Jamaludin, Muhammad Najib Razali, Rohaya jalil, Hajar Othman, Yasmin Adnan","Identification of Business Intelligence in Big Data Maintenance of Government Sector in Putrajaya",2021,"Proceedings of the 2021 10th International Conference on Software and Computer Applications","Association for Computing Machinery","https://doi.org/10.1145/3457784.3457816","",118,"2025-01-31 09:37:07","Conference Paper","10.1145/3457784.3457816","","",,,201,,0,0.00,0,5,4,"","",""
0,"Yu Liu, Junfang Zeng","Blockchain based Big Data Platform of City Brain",2021,"Proceedings of the 2021 3rd International Conference on Blockchain Technology","Association for Computing Machinery","https://doi.org/10.1145/3460537.3460561","",119,"2025-01-31 09:37:07","Conference Paper","10.1145/3460537.3460561","","",,,82,,0,0.00,0,2,4,"","",""
0,"","Proceedings of the 7th International Conference on Networking, Intelligent Systems and Security",2024,"","Association for Computing Machinery","","",120,"2025-01-31 09:37:07","Proceeding","","","",,,,,0,0.00,0,0,1,"","",""
0,"Subarna Chatterjee, Meena Jagadeesan, Wilson Qin, Stratos Idreos","Cosine: a cloud-cost optimized self-designing key-value storage engine",2021,"Proc. VLDB Endow.","VLDB Endowment","https://doi.org/10.14778/3485450.3485461","",121,"2025-01-31 09:37:07","Journal Article","10.14778/3485450.3485461","","",,1,112,,0,0.00,0,4,4,"","",""
0,"Zhen Zeng, Chun-Jen Chung, Liguang Xie","Security Challenges for Modern Data Centers with IoT: A Preliminary Study",2022,"Companion Proceedings of the Web Conference 2022","Association for Computing Machinery","https://doi.org/10.1145/3487553.3524857","",122,"2025-01-31 09:37:07","Conference Paper","10.1145/3487553.3524857","","",,,555,,0,0.00,0,3,3,"","",""
0,"Umesh Deshpande, Nick Linck, Sangeetha Seshadri","Self-service data protection for stateful containers",2021,"Proceedings of the 13th ACM Workshop on Hot Topics in Storage and File Systems","Association for Computing Machinery","https://doi.org/10.1145/3465332.3470876","",123,"2025-01-31 09:37:07","Conference Paper","10.1145/3465332.3470876","","",,,71,,0,0.00,0,3,4,"","",""
0,"Bambang Leo Handoko, Ignatius Edward Riantono, Felicia Wigna Sunarto","Determinants Affecting Intention of Use of Big Data Analytics on Remote Audits: TOE Framework Approach",2021,"Proceedings of the 2021 7th International Conference on Education and Training Technologies","Association for Computing Machinery","https://doi.org/10.1145/3463531.3463539","",124,"2025-01-31 09:37:07","Conference Paper","10.1145/3463531.3463539","","",,,53,,0,0.00,0,3,4,"","",""
0,"Ian F. Adams, Neha Agrawal, Michael P. Mesnier","Enabling near-data processing in distributed object storage systems",2021,"Proceedings of the 13th ACM Workshop on Hot Topics in Storage and File Systems","Association for Computing Machinery","https://doi.org/10.1145/3465332.3470881","",125,"2025-01-31 09:37:07","Conference Paper","10.1145/3465332.3470881","","",,,28,,0,0.00,0,3,4,"","",""
0,"Vidi Agung Fragastia, Humala L. Napitupulu, Juliza Hidayati","Integration of Geographic Information System and Optimization Technologies for the Effective Control of Insert and Main Verification: a Case Study of Palm Oil Producer in Langsa, Aceh",2020,"Proceedings of the 3rd Asia Pacific Conference on Research in Industrial and Systems Engineering","Association for Computing Machinery","https://doi.org/10.1145/3400934.3400997","",126,"2025-01-31 09:37:07","Conference Paper","10.1145/3400934.3400997","","",,,344,,0,0.00,0,3,5,"","",""
0,"Yutao Yang, Jie Zhou, Xuanwen Ding, Tianyu Huai, Shunyu Liu, Qin Chen, Yuan Xie, Liang He","Recent Advances of Foundation Language Models-based Continual Learning: A Survey",2025,"ACM Comput. Surv.","Association for Computing Machinery","https://doi.org/10.1145/3705725","",127,"2025-01-31 09:37:07","Journal Article","10.1145/3705725","","",,5,,,0,0.00,0,8,1,"","",""
0,"Yingrui Zhang, Yuluo Cai, Rui Cao, Zirui Chen","Research on Secular Stagnation in Richer Countries via Multiple Linear Regression",2022,"Proceedings of the 2021 5th International Conference on E-Business and Internet","Association for Computing Machinery","https://doi.org/10.1145/3497701.3497712","",128,"2025-01-31 09:37:07","Conference Paper","10.1145/3497701.3497712","","",,,60,,0,0.00,0,4,3,"","",""
0,"Gerald Nathan Balekaki, Michelle Kuttel, Anja Schroeder, Sarah Blyth, Sonia Berman","Performance evaluation of an integrated RFI database for the MeerKAT/SKA radio telescope",2020,"Conference of the South African Institute of Computer Scientists and Information Technologists 2020","Association for Computing Machinery","https://doi.org/10.1145/3410886.3410910","",129,"2025-01-31 09:37:07","Conference Paper","10.1145/3410886.3410910","","",,,29,,0,0.00,0,5,5,"","",""
0,"Erna Hikmawati, Kridanto Surendro","How to Determine Minimum Support in Association Rule",2020,"Proceedings of the 2020 9th International Conference on Software and Computer Applications","Association for Computing Machinery","https://doi.org/10.1145/3384544.3384563","",130,"2025-01-31 09:37:07","Conference Paper","10.1145/3384544.3384563","","",,,6,,0,0.00,0,2,5,"","",""
0,"Hyoin Seo, Wonil Hwang, Byung En Hyun, Jaedong Son","Case Study on Distribution Strategy through Biclustering",2020,"Proceedings of the 2020 The 6th International Conference on E-Business and Applications","Association for Computing Machinery","https://doi.org/10.1145/3387263.3387271","",131,"2025-01-31 09:37:07","Conference Paper","10.1145/3387263.3387271","","",,,11,,0,0.00,0,4,5,"","",""
0,"Anli du Preez, James Bekker","A Machine Learning Decision Support Framework for Industrial Engineering Purposes",2020,"Proceedings of the 2020 International Conference on Industrial Engineering and Industrial Management","Association for Computing Machinery","https://doi.org/10.1145/3394941.3394943","",132,"2025-01-31 09:37:07","Conference Paper","10.1145/3394941.3394943","","",,,9,,0,0.00,0,2,5,"","",""
0,"Jiameng Liu, Shaoliang Peng, Chengnian Long, Lijun Wei, Yunhao Liu, Zhihui Tian","Blockchain for Data Science",2020,"Proceedings of the 2020 2nd International Conference on Blockchain Technology","Association for Computing Machinery","https://doi.org/10.1145/3390566.3391681","",133,"2025-01-31 09:37:07","Conference Paper","10.1145/3390566.3391681","","",,,24,,0,0.00,0,6,5,"","",""
0,"Theo Schlossnagle, Justin Sheehy, Chris McCubbin","Always-on time-series database: keeping up where there's no way to catch up",2021,"Commun. ACM","Association for Computing Machinery","https://doi.org/10.1145/3442518","",134,"2025-01-31 09:37:07","Journal Article","10.1145/3442518","","",,7,50,,0,0.00,0,3,4,"","",""
0,"Fei Zhao, Chengcui Zhang, Baocheng Geng","Deep Multimodal Data Fusion",2024,"ACM Comput. Surv.","Association for Computing Machinery","https://doi.org/10.1145/3649447","",135,"2025-01-31 09:37:07","Journal Article","10.1145/3649447","","",,9,,,0,0.00,0,3,1,"","",""
0,"Joel Mackenzie, Alistair Moffat","Cost-Effective Updating of Distributed Reordered Indexes",2022,"Proceedings of the 25th Australasian Document Computing Symposium","Association for Computing Machinery","https://doi.org/10.1145/3503516.3503528","",136,"2025-01-31 09:37:07","Conference Paper","10.1145/3503516.3503528","","",,,,,0,0.00,0,2,3,"","",""
0,"Jia Zhao, Zuoru Yang, Jingwei Li, Patrick P. C. Lee","Encrypted Data Reduction: Removing Redundancy from Encrypted Data in Outsourced Storage",2024,"ACM Trans. Storage","Association for Computing Machinery","https://doi.org/10.1145/3685278","",137,"2025-01-31 09:37:07","Journal Article","10.1145/3685278","","",,4,,,0,0.00,0,4,1,"","",""
0,"Fuad Shamieh, Xianbin Wang","Steganographic-Based Header Size Reduction Technique for Multimedia Streams",2020,"IEEE/ACM Trans. Netw.","IEEE Press","https://doi.org/10.1109/TNET.2019.2963792","",138,"2025-01-31 09:37:07","Journal Article","10.1109/TNET.2019.2963792","","",,1,399,,0,0.00,0,2,5,"","",""
0,"Christophe Gaie","Providing Detailed Information on National Policies to Cope with the Covid-19 Pandemic",2020,"Digit. Gov.: Res. Pract.","Association for Computing Machinery","https://doi.org/10.1145/3428089","",139,"2025-01-31 09:37:07","Journal Article","10.1145/3428089","","",,1,,,0,0.00,0,1,5,"","",""
0,"Shaoyi Shen, Bin Li, Situo Li","Construction and Application of Big Data Analysis Platform for Enterprise",2020,"Proceedings of the 2019 3rd International Conference on Computer Science and Artificial Intelligence","Association for Computing Machinery","https://doi.org/10.1145/3374587.3374650","",140,"2025-01-31 09:37:07","Conference Paper","10.1145/3374587.3374650","","",,,54,,0,0.00,0,3,5,"","",""
0,"Zhirong Shen, Yuhui Cai, Keyun Cheng, Patrick P. C. Lee, Xiaolu Li, Yuchong Hu, Jiwu Shu","A Survey of the Past, Present, and Future of Erasure Coding for Storage Systems",2025,"ACM Trans. Storage","Association for Computing Machinery","https://doi.org/10.1145/3708994","",141,"2025-01-31 09:37:07","Journal Article","10.1145/3708994","","",,1,,,0,0.00,0,7,1,"","",""
0,"Shunkang Zhang, Ji Qi, Xin Yao, AndrÃ© Brinkmann","Hyper: A High-Performance and Memory-Efficient Learned Index via Hybrid Construction",2024,"Proc. ACM Manag. Data","Association for Computing Machinery","https://doi.org/10.1145/3654948","",142,"2025-01-31 09:37:07","Journal Article","10.1145/3654948","","",,3,,,0,0.00,0,4,1,"","",""
0,"R. M. Herradura, F. Thabtah, M. Andrews","Trend Analyses for Blockchain Technology Innovations Using Data Analytics",2020,"Proceedings of the 2019 3rd International Symposium on Computer Science and Intelligent Control","Association for Computing Machinery","https://doi.org/10.1145/3386164.3390518","",143,"2025-01-31 09:37:07","Conference Paper","10.1145/3386164.3390518","","",,,,,0,0.00,0,3,5,"","",""
0,"Li Xin, Shi Tianyun, Ma Xiaoning","Research on the Big Data Platform and Its Key Technologies for the Railway Locomotive System",2020,"Proceedings of the 5th International Conference on Big Data and Computing","Association for Computing Machinery","https://doi.org/10.1145/3404687.3404693","",144,"2025-01-31 09:37:07","Conference Paper","10.1145/3404687.3404693","","",,,6,,0,0.00,0,3,5,"","",""
0,"Zhihan Lv, Ranran Lou, Hailin Feng, Dongliang Chen, Haibin Lv","Novel Machine Learning for Big Data Analytics in Intelligent Support Information Management Systems",2021,"ACM Trans. Manage. Inf. Syst.","Association for Computing Machinery","https://doi.org/10.1145/3469890","",145,"2025-01-31 09:37:07","Journal Article","10.1145/3469890","","",,1,,,0,0.00,0,5,4,"","",""
0,"Yao Tian, Tingyun Yan, Ruiyuan Zhang, Kai Huang, Bolong Zheng, Xiaofang Zhou","A Learned Cuckoo Filter for Approximate Membership Queries over Variable-sized Sliding Windows on Data Streams",2023,"Proc. ACM Manag. Data","Association for Computing Machinery","https://doi.org/10.1145/3626758","",146,"2025-01-31 09:37:07","Journal Article","10.1145/3626758","","",,4,,,0,0.00,0,6,2,"","",""
0,"","Proceedings of the 2024 Workshop on Human-In-the-Loop Data Analytics",2024,"","Association for Computing Machinery","","",147,"2025-01-31 09:37:07","Proceeding","","","",,,,,0,0.00,0,0,1,"","",""
0,"Sihan Liu, Tong Mu, Shicheng Xu, Guangyu He","Research on cross-chain method based on distributed Digital Identity",2022,"Proceedings of the 2022 4th International Conference on Blockchain Technology","Association for Computing Machinery","https://doi.org/10.1145/3532640.3532649","",148,"2025-01-31 09:37:07","Conference Paper","10.1145/3532640.3532649","","",,,59,,0,0.00,0,4,3,"","",""
0,"Theo Schlossnagle, Justin Sheehy, Chris McCubbin","Always-on Time-series Database: Keeping Up Where There's No Way to Catch Up: A discussion with Theo Schlossnagle, Justin Sheehy, and Chris McCubbin",2020,"Queue","Association for Computing Machinery","https://doi.org/10.1145/3442632.3442634","",149,"2025-01-31 09:37:07","Journal Article","10.1145/3442632.3442634","","",,6,,,0,0.00,0,3,5,"","",""
0,"","Proceedings of the 39th ACM/SIGAPP Symposium on Applied Computing",2024,"","Association for Computing Machinery","","",150,"2025-01-31 09:37:07","Proceeding","","","",,,,,0,0.00,0,0,1,"","",""
0,"Joshua Hill, Kelly Widdicks, Mike Hazas","Mapping the Scope of Software Interventions for Moderate Internet Use on Mobile Devices",2020,"Proceedings of the 7th International Conference on ICT for Sustainability","Association for Computing Machinery","https://doi.org/10.1145/3401335.3401361","",151,"2025-01-31 09:37:07","Conference Paper","10.1145/3401335.3401361","","",,,204,,0,0.00,0,3,5,"","",""
0,"Nannan Zhao, Muhui Lin, Hadeel Albahar, Arnab K. Paul, Zhijie Huan, Subil Abraham, Keren Chen, Vasily Tarasov, Dimitrios Skourtis, Ali Anwar, Ali Butt","An End-to-end High-performance Deduplication Scheme for Docker Registries and Docker Container Storage Systems",2024,"ACM Trans. Storage","Association for Computing Machinery","https://doi.org/10.1145/3643819","",152,"2025-01-31 09:37:07","Journal Article","10.1145/3643819","","",,3,,,0,0.00,0,11,1,"","",""
0,"Yiwen Zhang, Ting Yao, Jiguang Wan, Changsheng Xie","Building GC-free Key-value Store on HM-SMR Drives with ZoneFS",2022,"ACM Trans. Storage","Association for Computing Machinery","https://doi.org/10.1145/3502846","",153,"2025-01-31 09:37:07","Journal Article","10.1145/3502846","","",,3,,,0,0.00,0,4,3,"","",""
0,"","Proceedings of the 25th Annual International Conference on Digital Government Research",2024,"","Association for Computing Machinery","","",154,"2025-01-31 09:37:07","Proceeding","","","",,,,,0,0.00,0,0,1,"","",""
0,"Rongxin Xu, Qiujun Lan, Shiva Raj Pokhrel, Gang Li","A Knowledge Graph-Based Survey on Distributed Ledger Technology for IoT Verticals",2023,"ACM Comput. Surv.","Association for Computing Machinery","https://doi.org/10.1145/3609503","",155,"2025-01-31 09:37:07","Journal Article","10.1145/3609503","","",,2,,,0,0.00,0,4,2,"","",""
0,"","Proceedings of the 15th International Conference on Theory and Practice of Electronic Governance",2022,"","Association for Computing Machinery","","",156,"2025-01-31 09:37:07","Proceeding","","","",,,,,0,0.00,0,0,3,"","",""
0,"Gabor Torok, Mark R. Day, Rebecca J. Hartman-Baker, Cory Snavely","Iris: allocation banking and identity and access management for the exascale era",2020,"Proceedings of the International Conference for High Performance Computing, Networking, Storage and Analysis","IEEE Press","","",157,"2025-01-31 09:37:07","Conference Paper","","","",,,,,0,0.00,0,4,5,"","",""
0,"Ayat Fekry, Lucian Carata, Thomas Pasquier, Andrew Rice, Andy Hopper","To Tune or Not to Tune? In Search of Optimal Configurations for Data Analytics",2020,"Proceedings of the 26th ACM SIGKDD International Conference on Knowledge Discovery &amp; Data Mining","Association for Computing Machinery","https://doi.org/10.1145/3394486.3403299","",158,"2025-01-31 09:37:07","Conference Paper","10.1145/3394486.3403299","","",,,2494,,0,0.00,0,5,5,"","",""
0,"Tong Liu, Shakeel Alibhai, Xubin He","A Rack-Aware Pipeline Repair Scheme for Erasure-Coded Distributed Storage Systems",2020,"Proceedings of the 49th International Conference on Parallel Processing","Association for Computing Machinery","https://doi.org/10.1145/3404397.3404444","",159,"2025-01-31 09:37:07","Conference Paper","10.1145/3404397.3404444","","",,,,,0,0.00,0,3,5,"","",""
0,"Yu Chen, Wei Tong, Dan Feng, Zike Wang","Mass: Workload-Aware Storage Policy for OpenStack Swift",2020,"Proceedings of the 49th International Conference on Parallel Processing","Association for Computing Machinery","https://doi.org/10.1145/3404397.3404427","",160,"2025-01-31 09:37:07","Conference Paper","10.1145/3404397.3404427","","",,,,,0,0.00,0,4,5,"","",""
0,"Xinyue Wang, Zhiwu Xie","The Case For Alternative Web Archival Formats To Expedite The Data-To-Insight Cycle",2020,"Proceedings of the ACM/IEEE Joint Conference on Digital Libraries in 2020","Association for Computing Machinery","https://doi.org/10.1145/3383583.3398542","",161,"2025-01-31 09:37:07","Conference Paper","10.1145/3383583.3398542","","",,,177,,0,0.00,0,2,5,"","",""
0,"Patrick Wiener, Philipp Zehnder, Dominik Riemer","Managing geo-distributed stream processing pipelines for the IIoT with StreamPipes edge extensions",2020,"Proceedings of the 14th ACM International Conference on Distributed and Event-based Systems","Association for Computing Machinery","https://doi.org/10.1145/3401025.3401764","",162,"2025-01-31 09:37:07","Conference Paper","10.1145/3401025.3401764","","",,,165,,0,0.00,0,3,5,"","",""
0,"Frederik Armknecht, Jens-Matthias Bohli, Ghassan O. Karame, Wenting Li","Regulating Storage Overhead in Existing PoW-based Blockchains",2021,"Proceedings of the 26th ACM Symposium on Access Control Models and Technologies","Association for Computing Machinery","https://doi.org/10.1145/3450569.3463564","",163,"2025-01-31 09:37:07","Conference Paper","10.1145/3450569.3463564","","",,,131,,0,0.00,0,4,4,"","",""
0,"Jinyang Liu, Jieming Zhu, Shilin He, Pinjia He, Zibin Zheng, Michael R. Lyu","Logzip: extracting hidden structures via iterative clustering for log compression",2020,"Proceedings of the 34th IEEE/ACM International Conference on Automated Software Engineering","IEEE Press","https://doi.org/10.1109/ASE.2019.00085","",164,"2025-01-31 09:37:07","Conference Paper","10.1109/ASE.2019.00085","","",,,863,,0,0.00,0,6,5,"","",""
0,"Shuo Lei, Xuchao Zhang, Liang Zhao, Arnold P. Boedihardjo, Chang-Tien Lu","Online and Distributed Robust Regressions with Extremely Noisy Labels",2021,"ACM Trans. Knowl. Discov. Data","Association for Computing Machinery","https://doi.org/10.1145/3473038","",165,"2025-01-31 09:37:07","Journal Article","10.1145/3473038","","",,3,,,0,0.00,0,5,4,"","",""
0,"Venkateshwarlu Y. Gudur, Amit Acharyya","Hardware-Software Codesign Based Accelerated and Reconfigurable Methodology for String Matching in Computational Bioinformatics Applications",2020,"IEEE/ACM Trans. Comput. Biol. Bioinformatics","IEEE Computer Society Press","https://doi.org/10.1109/TCBB.2018.2885296","",166,"2025-01-31 09:37:07","Journal Article","10.1109/TCBB.2018.2885296","","",,4,1198,,0,0.00,0,2,5,"","",""
0,"Chunwei Liu, Hao Jiang, John Paparrizos, Aaron J. Elmore","Decomposed bounded floats for fast compression and queries",2021,"Proc. VLDB Endow.","VLDB Endowment","https://doi.org/10.14778/3476249.3476305","",167,"2025-01-31 09:37:07","Journal Article","10.14778/3476249.3476305","","",,11,2586,,0,0.00,0,4,4,"","",""
0,"Zhu Pang, Qingda Lu, Shuo Chen, Rui Wang, Yikang Xu, Jiesheng Wu","ArkDB: A Key-Value Engine for Scalable Cloud Storage Services",2021,"Proceedings of the 2021 International Conference on Management of Data","Association for Computing Machinery","https://doi.org/10.1145/3448016.3457553","",168,"2025-01-31 09:37:07","Conference Paper","10.1145/3448016.3457553","","",,,2570,,0,0.00,0,6,4,"","",""
0,"Yupeng Fu, Chinmay Soman","Real-time Data Infrastructure at Uber",2021,"Proceedings of the 2021 International Conference on Management of Data","Association for Computing Machinery","https://doi.org/10.1145/3448016.3457552","",169,"2025-01-31 09:37:07","Conference Paper","10.1145/3448016.3457552","","",,,2503,,0,0.00,0,2,4,"","",""
0,"","Proceedings of the 2023 International Conference on Intelligent Computing and Its Emerging Applications",2023,"","Association for Computing Machinery","","",170,"2025-01-31 09:37:07","Proceeding","","","",,,,,0,0.00,0,0,2,"","",""
0,"Linghe Kong, Jinlin Tan, Junqin Huang, Guihai Chen, Shuaitian Wang, Xi Jin, Peng Zeng, Muhammad Khan, Sajal K. Das","Edge-computing-driven Internet of Things: A Survey",2022,"ACM Comput. Surv.","Association for Computing Machinery","https://doi.org/10.1145/3555308","",171,"2025-01-31 09:37:07","Journal Article","10.1145/3555308","","",,8,,,0,0.00,0,9,3,"","",""
0,"Md Mahbub Alam, Luis Torgo, Albert Bifet","A Survey on Spatio-temporal Data Analytics Systems",2022,"ACM Comput. Surv.","Association for Computing Machinery","https://doi.org/10.1145/3507904","",172,"2025-01-31 09:37:07","Journal Article","10.1145/3507904","","",,10,,,0,0.00,0,3,3,"","",""
0,"","Proceedings of the 24th International Conference on Computer Systems and Technologies",2023,"","Association for Computing Machinery","","",173,"2025-01-31 09:37:07","Proceeding","","","",,,,,0,0.00,0,0,2,"","",""
0,"Dylan Chou, Meng Jiang","A Survey on Data-driven Network Intrusion Detection",2021,"ACM Comput. Surv.","Association for Computing Machinery","https://doi.org/10.1145/3472753","",174,"2025-01-31 09:37:07","Journal Article","10.1145/3472753","","",,9,,,0,0.00,0,2,4,"","",""
0,"","Proceedings of the 14th Learning Analytics and Knowledge Conference",2024,"","Association for Computing Machinery","","",175,"2025-01-31 09:37:07","Proceeding","","","",,,,,0,0.00,0,0,1,"","",""
0,"","ACM SIGGRAPH 2024 Posters",2024,"","Association for Computing Machinery","","",176,"2025-01-31 09:37:07","Proceeding","","","",,,,,0,0.00,0,0,1,"","",""
0,"Anastasios Papagiannis, Giorgos Saloustros, Giorgos Xanthakis, Giorgos Kalaentzis, Pilar Gonzalez-Ferez, Angelos Bilas","Kreon: An Efficient Memory-Mapped Key-Value Store for Flash Storage",2021,"ACM Trans. Storage","Association for Computing Machinery","https://doi.org/10.1145/3418414","",177,"2025-01-31 09:37:07","Journal Article","10.1145/3418414","","",,1,,,0,0.00,0,6,4,"","",""
0,"Rodolfo Meneguette, Robson De Grande, Jo Ueyama, Geraldo P. Rocha Filho, Edmundo Madeira","Vehicular Edge Computing: Architecture, Resource Management, Security, and Challenges",2021,"ACM Comput. Surv.","Association for Computing Machinery","https://doi.org/10.1145/3485129","",178,"2025-01-31 09:37:07","Journal Article","10.1145/3485129","","",,1,,,0,0.00,0,5,4,"","",""
0,"","Proceedings of the 24th International Middleware Conference: Demos, Posters and Doctoral Symposium",2023,"","Association for Computing Machinery","","",179,"2025-01-31 09:37:07","Proceeding","","","",,,,,0,0.00,0,0,2,"","",""
0,"","Proceedings of the 36th International Conference on Scientific and Statistical Database Management",2024,"","Association for Computing Machinery","","",180,"2025-01-31 09:37:07","Proceeding","","","",,,,,0,0.00,0,0,1,"","",""
0,"Cheng Pan, Xiaolin Wang, Yingwei Luo, Zhenlin Wang","Penalty- and Locality-aware Memory Allocation in Redis Using Enhanced AET",2021,"ACM Trans. Storage","Association for Computing Machinery","https://doi.org/10.1145/3447573","",181,"2025-01-31 09:37:07","Journal Article","10.1145/3447573","","",,2,,,0,0.00,0,4,4,"","",""
0,"","Proceedings of the 2024 Workshop on Advanced Tools, Programming Languages, and PLatforms for Implementing and Evaluating algorithms for Distributed systems",2024,"","Association for Computing Machinery","","",182,"2025-01-31 09:37:07","Proceeding","","","",,,,,0,0.00,0,0,1,"","",""
0,"","Proceedings of the 2022 Conference on United Kingdom &amp; Ireland Computing Education Research",2022,"","Association for Computing Machinery","","",183,"2025-01-31 09:37:07","Proceeding","","","",,,,,0,0.00,0,0,3,"","",""
0,"","Proceedings of the 2024 International Symposium on Artificial Intelligence for Education",2024,"","Association for Computing Machinery","","",184,"2025-01-31 09:37:07","Proceeding","","","",,,,,0,0.00,0,0,1,"","",""
0,"","Proceedings of the Second ACM Data Economy Workshop",2023,"","Association for Computing Machinery","","",185,"2025-01-31 09:37:07","Proceeding","","","",,,,,0,0.00,0,0,2,"","",""
0,"","Proceedings of the 4th African Human Computer Interaction Conference",2023,"","Association for Computing Machinery","","",186,"2025-01-31 09:37:07","Proceeding","","","",,,,,0,0.00,0,0,2,"","",""
0,"","Computing competencies for undergraduate data science curricula",2021,"","Association for Computing Machinery","","",187,"2025-01-31 09:37:07","Book","","","",,,,,0,0.00,0,0,4,"","",""
0,"","Proceedings of the 7th International Conference on Information Systems Engineering",2022,"","Association for Computing Machinery","","",188,"2025-01-31 09:37:07","Proceeding","","","",,,,,0,0.00,0,0,3,"","",""
0,"","Proceedings of the 2023 International Conference on Information Education and Artificial Intelligence",2023,"","Association for Computing Machinery","","",189,"2025-01-31 09:37:07","Proceeding","","","",,,,,0,0.00,0,0,2,"","",""
0,"","Proceedings of the 2024 7th International Conference on Digital Medicine and Image Processing",2024,"","Association for Computing Machinery","","",190,"2025-01-31 09:37:07","Proceeding","","","",,,,,0,0.00,0,0,1,"","",""
0,"","Proceedings of the 27th International Symposium on Research in Attacks, Intrusions and Defenses",2024,"","Association for Computing Machinery","","",191,"2025-01-31 09:37:07","Proceeding","","","",,,,,0,0.00,0,0,1,"","",""
0,"","Proceedings of the 26th International Database Engineered Applications Symposium",2022,"","Association for Computing Machinery","","",192,"2025-01-31 09:37:07","Proceeding","","","",,,,,0,0.00,0,0,3,"","",""
0,"","Proceedings of the 2022 European Symposium on Software Engineering",2022,"","Association for Computing Machinery","","",193,"2025-01-31 09:37:07","Proceeding","","","",,,,,0,0.00,0,0,3,"","",""
0,"","Proceedings of the 2024 3rd International Conference on Algorithms, Data Mining, and Information Technology",2024,"","Association for Computing Machinery","","",194,"2025-01-31 09:37:07","Proceeding","","","",,,,,0,0.00,0,0,1,"","",""
0,"","Proceedings of the 2022 3rd International Conference on Internet and E-Business",2022,"","Association for Computing Machinery","","",195,"2025-01-31 09:37:07","Proceeding","","","",,,,,0,0.00,0,0,3,"","",""
0,"","Proceedings of the 2022 5th International Conference on Blockchain Technology and Applications",2022,"","Association for Computing Machinery","","",196,"2025-01-31 09:37:07","Proceeding","","","",,,,,0,0.00,0,0,3,"","",""
0,"","Proceedings of the 18th ACM International Conference on Distributed and Event-based Systems",2024,"","Association for Computing Machinery","","",197,"2025-01-31 09:37:07","Proceeding","","","",,,,,0,0.00,0,0,1,"","",""
0,"","Proceedings of the 52nd International Conference on Parallel Processing Workshops",2023,"","Association for Computing Machinery","","",198,"2025-01-31 09:37:07","Proceeding","","","",,,,,0,0.00,0,0,2,"","",""
0,"","Proceedings of the 2023 11th International Conference on Information Technology: IoT and Smart City",2023,"","Association for Computing Machinery","","",199,"2025-01-31 09:37:07","Proceeding","","","",,,,,0,0.00,0,0,2,"","",""
0,"","Proceedings of the 2023 15th International Conference on Computer Modeling and Simulation",2023,"","Association for Computing Machinery","","",200,"2025-01-31 09:37:07","Proceeding","","","",,,,,0,0.00,0,0,2,"","",""
0,"","Proceedings of the 2024 9th International Conference on Intelligent Information Processing",2024,"","Association for Computing Machinery","","",201,"2025-01-31 09:37:07","Proceeding","","","",,,,,0,0.00,0,0,1,"","",""
0,"","Proceedings of the 8th International Conference on Cyber Security and Information Engineering",2023,"","Association for Computing Machinery","","",202,"2025-01-31 09:37:07","Proceeding","","","",,,,,0,0.00,0,0,2,"","",""
0,"","Proceedings of the 2023 7th International Conference on Natural Language Processing and Information Retrieval",2023,"","Association for Computing Machinery","","",203,"2025-01-31 09:37:07","Proceeding","","","",,,,,0,0.00,0,0,2,"","",""
0,"","Companion Proceedings of the Annual Symposium on Computer-Human Interaction in Play",2023,"","Association for Computing Machinery","","",204,"2025-01-31 09:37:07","Proceeding","","","",,,,,0,0.00,0,0,2,"","",""
0,"","Proceedings of the 2nd International Conference on Educational Knowledge and Informatization",2024,"","Association for Computing Machinery","","",205,"2025-01-31 09:37:07","Proceeding","","","",,,,,0,0.00,0,0,1,"","",""
0,"","Proceedings of the 2023 4th International Conference on Computing, Networks and Internet of Things",2023,"","Association for Computing Machinery","","",206,"2025-01-31 09:37:07","Proceeding","","","",,,,,0,0.00,0,0,2,"","",""
0,"","Proceedings of the 5th International Conference on Information Management and Management Science",2022,"","Association for Computing Machinery","","",207,"2025-01-31 09:37:07","Proceeding","","","",,,,,0,0.00,0,0,3,"","",""
0,"","Proceedings of the 2023 2nd Asia Conference on Algorithms, Computing and Machine Learning",2023,"","Association for Computing Machinery","","",208,"2025-01-31 09:37:07","Proceeding","","","",,,,,0,0.00,0,0,2,"","",""
0,"","Proceedings of the 2022 5th International Conference on Artificial Intelligence and Pattern Recognition",2022,"","Association for Computing Machinery","","",209,"2025-01-31 09:37:07","Proceeding","","","",,,,,0,0.00,0,0,3,"","",""
0,"","Proceedings of the 7th International Conference on Future Networks and Distributed Systems",2023,"","Association for Computing Machinery","","",210,"2025-01-31 09:37:07","Proceeding","","","",,,,,0,0.00,0,0,2,"","",""
0,"","Proceedings of the 6th International Conference on Information Technologies and Electrical Engineering",2023,"","Association for Computing Machinery","","",211,"2025-01-31 09:37:07","Proceeding","","","",,,,,0,0.00,0,0,2,"","",""
0,"","Proceedings of the 6th ACM International Conference on Multimedia in Asia",2024,"","Association for Computing Machinery","","",212,"2025-01-31 09:37:07","Proceeding","","","",,,,,0,0.00,0,0,1,"","",""
0,"","Proceedings of the 22nd Annual ACM Interaction Design and Children Conference",2023,"","Association for Computing Machinery","","",213,"2025-01-31 09:37:07","Proceeding","","","",,,,,0,0.00,0,0,2,"","",""
0,"","Proceedings of the 2023 4th International Conference on Computer Science and Management Technology",2023,"","Association for Computing Machinery","","",214,"2025-01-31 09:37:07","Proceeding","","","",,,,,0,0.00,0,0,2,"","",""
0,"","Proceedings of the 12th International Symposium on Information and Communication Technology",2023,"","Association for Computing Machinery","","",215,"2025-01-31 09:37:07","Proceeding","","","",,,,,0,0.00,0,0,2,"","",""
0,"","Proceedings of the 53rd International Conference on Parallel Processing",2024,"","Association for Computing Machinery","","",216,"2025-01-31 09:37:07","Proceeding","","","",,,,,0,0.00,0,0,1,"","",""
0,"","Companion Proceedings of the Web Conference 2022",2022,"","Association for Computing Machinery","","",217,"2025-01-31 09:37:07","Proceeding","","","",,,,,0,0.00,0,0,3,"","",""
0,"","Proceedings of the 38th ACM/SIGAPP Symposium on Applied Computing",2023,"","Association for Computing Machinery","","",218,"2025-01-31 09:37:07","Proceeding","","","",,,,,0,0.00,0,0,2,"","",""
0,"","Extended Abstracts of the CHI Conference on Human Factors in Computing Systems",2024,"","Association for Computing Machinery","","",219,"2025-01-31 09:37:07","Proceeding","","","",,,,,0,0.00,0,0,1,"","",""
